Designator,Footprint,Quantity,Value,LCSC Part #
C0,CP_Radial_D10.0mm_P3.80mm,1,1000uF,
"C1, C2, C3, C4, C5, C6",CP_Radial_D10.0mm_P3.80mm,6,333uF,
"H1, H2, H3, H4",MountingHole_3.2mm_M3,4,MountingHole,
J0,Banana_Jack_2Pin,1,Battery Input,
J1,AMASS_XT60-M_1x02_P7.20mm_Vertical,1,O1,
J2,AMASS_XT60-M_1x02_P7.20mm_Vertical,1,O2,
J3,AMASS_XT60-M_1x02_P7.20mm_Vertical,1,O3,
J4,AMASS_XT60-M_1x02_P7.20mm_Vertical,1,O4,
J5,AMASS_XT60-M_1x02_P7.20mm_Vertical,1,O5,
J6,AMASS_XT60-M_1x02_P7.20mm_Vertical,1,O6,
